canonical_ticker,session_date,adjusted_open,adjusted_high,adjusted_low,adjusted_close,volume,source_symbol,delisting_return,corporate_action_note
BE,2026-05-29,280,287,268.130004882812,285,16911700,BE,,provider_adjustment_factor=1;method=adjusted_close_divided_by_raw_close_applied_to_all_ohlc
BE,2026-06-01,277.670013427734,287.690002441406,270,273.510009765625,10358100,BE,,provider_adjustment_factor=1;method=adjusted_close_divided_by_raw_close_applied_to_all_ohlc
BE,2026-06-02,280.390014648438,305.109985351562,279.100006103516,302.850006103516,12996700,BE,,provider_adjustment_factor=1;method=adjusted_close_divided_by_raw_close_applied_to_all_ohlc
BE,2026-06-03,296.809997558594,298.5,282.910003662109,287.320007324219,7869100,BE,,provider_adjustment_factor=1;method=adjusted_close_divided_by_raw_close_applied_to_all_ohlc
BE,2026-06-04,278.785003662109,295.690002441406,272.109985351562,291.369995117188,6633400,BE,,provider_adjustment_factor=1;method=adjusted_close_divided_by_raw_close_applied_to_all_ohlc
BE,2026-06-05,280,280.410003662109,252.080001831055,263.609985351562,11653200,BE,,provider_adjustment_factor=1;method=adjusted_close_divided_by_raw_close_applied_to_all_ohlc
BE,2026-06-08,265.5,265.510009765625,248.582000732422,253.570007324219,8618500,BE,,provider_adjustment_factor=1;method=adjusted_close_divided_by_raw_close_applied_to_all_ohlc
BE,2026-06-09,261.940002441406,280.739990234375,241.919998168945,259.609985351562,16201400,BE,,provider_adjustment_factor=1;method=adjusted_close_divided_by_raw_close_applied_to_all_ohlc
BE,2026-06-10,248.190002441406,258.630004882812,230.604995727539,234.229995727539,15509100,BE,,provider_adjustment_factor=1;method=adjusted_close_divided_by_raw_close_applied_to_all_ohlc
BE,2026-06-11,239.705001831055,252.820007324219,232.820007324219,248.880004882812,8874300,BE,,provider_adjustment_factor=1;method=adjusted_close_divided_by_raw_close_applied_to_all_ohlc
BE,2026-06-12,246,269.230010986328,245,260.220001220703,8610600,BE,,provider_adjustment_factor=1;method=adjusted_close_divided_by_raw_close_applied_to_all_ohlc
BE,2026-06-15,272.989990234375,280.5,269.529998779297,274.5,9171700,BE,,provider_adjustment_factor=1;method=adjusted_close_divided_by_raw_close_applied_to_all_ohlc
BE,2026-06-16,274.100006103516,297.970001220703,271.010009765625,280.880004882812,11266700,BE,,provider_adjustment_factor=1;method=adjusted_close_divided_by_raw_close_applied_to_all_ohlc
BE,2026-06-17,283.410003662109,295.825012207031,280.410003662109,284.989990234375,11015900,BE,,provider_adjustment_factor=1;method=adjusted_close_divided_by_raw_close_applied_to_all_ohlc
BE,2026-06-18,297.600006103516,329.510009765625,294.809997558594,328.910003662109,16009200,BE,,provider_adjustment_factor=1;method=adjusted_close_divided_by_raw_close_applied_to_all_ohlc
BE,2026-06-22,332,349.989990234375,330,345.850006103516,11308600,BE,,provider_adjustment_factor=1;method=adjusted_close_divided_by_raw_close_applied_to_all_ohlc
BE,2026-06-23,309.350006103516,329.690002441406,300.309997558594,321.980010986328,11493600,BE,,provider_adjustment_factor=1;method=adjusted_close_divided_by_raw_close_applied_to_all_ohlc
BE,2026-06-24,327.549987792969,345.5,315.010009765625,326.190002441406,11015300,BE,,provider_adjustment_factor=1;method=adjusted_close_divided_by_raw_close_applied_to_all_ohlc
BE,2026-06-25,346.290008544922,351.279998779297,297.970001220703,309.179992675781,13128300,BE,,provider_adjustment_factor=1;method=adjusted_close_divided_by_raw_close_applied_to_all_ohlc
BE,2026-06-26,294.519989013672,298.529998779297,247.740005493164,252.020004272461,57203700,BE,,provider_adjustment_factor=1;method=adjusted_close_divided_by_raw_close_applied_to_all_ohlc
BE,2026-06-29,272.450012207031,283.619995117188,261.329986572266,275.010009765625,17520600,BE,,provider_adjustment_factor=1;method=adjusted_close_divided_by_raw_close_applied_to_all_ohlc
BE,2026-06-30,279.700012207031,308.820007324219,279.320007324219,302.700012207031,14490600,BE,,provider_adjustment_factor=1;method=adjusted_close_divided_by_raw_close_applied_to_all_ohlc
BE,2026-07-01,290.630004882812,320,286.25,289.5,16354900,BE,,provider_adjustment_factor=1;method=adjusted_close_divided_by_raw_close_applied_to_all_ohlc
BE,2026-07-02,297.869995117188,307.819000244141,257.510009765625,270.890014648438,15724900,BE,,provider_adjustment_factor=1;method=adjusted_close_divided_by_raw_close_applied_to_all_ohlc
CAR,2026-05-29,176.130004882812,181.309997558594,171.25,175.839996337891,1607400,CAR,,provider_adjustment_factor=1;method=adjusted_close_divided_by_raw_close_applied_to_all_ohlc
CAR,2026-06-01,173.509994506836,177.690002441406,167.570007324219,169.360000610352,493900,CAR,,provider_adjustment_factor=1;method=adjusted_close_divided_by_raw_close_applied_to_all_ohlc
CAR,2026-06-02,168.820007324219,174.610000610352,167.380004882812,172.380004882812,359700,CAR,,provider_adjustment_factor=1;method=adjusted_close_divided_by_raw_close_applied_to_all_ohlc
CAR,2026-06-03,173.179992675781,178.479995727539,169.149993896484,173.860000610352,541200,CAR,,provider_adjustment_factor=1;method=adjusted_close_divided_by_raw_close_applied_to_all_ohlc
CAR,2026-06-04,175.5,181,172.820007324219,176.800003051758,2419900,CAR,,provider_adjustment_factor=1;method=adjusted_close_divided_by_raw_close_applied_to_all_ohlc
CAR,2026-06-05,175.429992675781,177.690002441406,170.339996337891,176.789993286133,372700,CAR,,provider_adjustment_factor=1;method=adjusted_close_divided_by_raw_close_applied_to_all_ohlc
CAR,2026-06-08,181,188.229995727539,179.020004272461,179.100006103516,742100,CAR,,provider_adjustment_factor=1;method=adjusted_close_divided_by_raw_close_applied_to_all_ohlc
CAR,2026-06-09,181.800003051758,183.740005493164,175,181.339996337891,569500,CAR,,provider_adjustment_factor=1;method=adjusted_close_divided_by_raw_close_applied_to_all_ohlc
CAR,2026-06-10,180.75,188.100006103516,179.5,186.830001831055,553500,CAR,,provider_adjustment_factor=1;method=adjusted_close_divided_by_raw_close_applied_to_all_ohlc
CAR,2026-06-11,187.020004272461,191.169998168945,184.050003051758,189.610000610352,740100,CAR,,provider_adjustment_factor=1;method=adjusted_close_divided_by_raw_close_applied_to_all_ohlc
CAR,2026-06-12,191.679992675781,191.679992675781,184.5,187.119995117188,279000,CAR,,provider_adjustment_factor=1;method=adjusted_close_divided_by_raw_close_applied_to_all_ohlc
CAR,2026-06-15,187.380004882812,191.080001831055,185,190.070007324219,456900,CAR,,provider_adjustment_factor=1;method=adjusted_close_divided_by_raw_close_applied_to_all_ohlc
CAR,2026-06-16,187.5,191.970001220703,185,185.490005493164,304300,CAR,,provider_adjustment_factor=1;method=adjusted_close_divided_by_raw_close_applied_to_all_ohlc
CAR,2026-06-17,185.490005493164,187.490005493164,178.320007324219,180.880004882812,375500,CAR,,provider_adjustment_factor=1;method=adjusted_close_divided_by_raw_close_applied_to_all_ohlc
CAR,2026-06-18,181.339996337891,191.210006713867,181.160003662109,188.429992675781,939900,CAR,,provider_adjustment_factor=1;method=adjusted_close_divided_by_raw_close_applied_to_all_ohlc
CAR,2026-06-22,187.649993896484,189.940002441406,184.460006713867,186.279998779297,329800,CAR,,provider_adjustment_factor=1;method=adjusted_close_divided_by_raw_close_applied_to_all_ohlc
CAR,2026-06-23,193.199996948242,197.279998779297,188.080001831055,190.460006713867,566600,CAR,,provider_adjustment_factor=1;method=adjusted_close_divided_by_raw_close_applied_to_all_ohlc
CAR,2026-06-24,183.880004882812,186.580001831055,174.449996948242,175.289993286133,633900,CAR,,provider_adjustment_factor=1;method=adjusted_close_divided_by_raw_close_applied_to_all_ohlc
CAR,2026-06-25,174.740005493164,176.5,163.550003051758,165.199996948242,2316100,CAR,,provider_adjustment_factor=1;method=adjusted_close_divided_by_raw_close_applied_to_all_ohlc
CAR,2026-06-26,164.649993896484,170.740005493164,164.369995117188,166.490005493164,1075400,CAR,,provider_adjustment_factor=1;method=adjusted_close_divided_by_raw_close_applied_to_all_ohlc
CAR,2026-06-29,164.699996948242,168,154.059997558594,155.179992675781,1372900,CAR,,provider_adjustment_factor=1;method=adjusted_close_divided_by_raw_close_applied_to_all_ohlc
CAR,2026-06-30,151.899993896484,153.100006103516,144.399993896484,147.830001831055,986500,CAR,,provider_adjustment_factor=1;method=adjusted_close_divided_by_raw_close_applied_to_all_ohlc
CAR,2026-07-01,146.979995727539,150.479995727539,145.339996337891,146.940002441406,1296200,CAR,,provider_adjustment_factor=1;method=adjusted_close_divided_by_raw_close_applied_to_all_ohlc
CAR,2026-07-02,148.779998779297,163.830001831055,147.860000610352,163.440002441406,543000,CAR,,provider_adjustment_factor=1;method=adjusted_close_divided_by_raw_close_applied_to_all_ohlc
GEV,2026-05-29,995.501362051268,1003.25740889364,951.5238322064,967.825500488281,5276800,GEV,,provider_adjustment_factor=0.999489314656108;method=adjusted_close_divided_by_raw_close_applied_to_all_ohlc
GEV,2026-06-01,959.479742487666,970.144337557741,938.520480527137,950.054565429688,2679300,GEV,,provider_adjustment_factor=0.999489329634863;method=adjusted_close_divided_by_raw_close_applied_to_all_ohlc
GEV,2026-06-02,962.288369544466,976.501078581309,943.667878385774,969.1748046875,2248200,GEV,,provider_adjustment_factor=0.999489333245967;method=adjusted_close_divided_by_raw_close_applied_to_all_ohlc
GEV,2026-06-03,976.491057684687,991.493402087802,956.101512228015,958.870056152344,2079500,GEV,,provider_adjustment_factor=0.999489316620769;method=adjusted_close_divided_by_raw_close_applied_to_all_ohlc
GEV,2026-06-04,939.519970571238,968.255288820093,922.528651954525,962.838073730469,2180400,GEV,,provider_adjustment_factor=0.999489330394934;method=adjusted_close_divided_by_raw_close_applied_to_all_ohlc
GEV,2026-06-05,946.806184838317,952.513290629229,920.984418148017,933.133178710938,3053500,GEV,,provider_adjustment_factor=0.99948928712406;method=adjusted_close_divided_by_raw_close_applied_to_all_ohlc
GEV,2026-06-08,947.425863819269,952.303376423345,931.384072953204,933.373046875,1842200,GEV,,provider_adjustment_factor=0.99948928765497;method=adjusted_close_divided_by_raw_close_applied_to_all_ohlc
GEV,2026-06-09,927.516076789155,947.355976232756,877.551615847927,919.680114746094,3842700,GEV,,provider_adjustment_factor=0.999489311899689;method=adjusted_close_divided_by_raw_close_applied_to_all_ohlc
GEV,2026-06-10,897.051664671455,907.586260087832,855.572858107964,866.647216796875,5302800,GEV,,provider_adjustment_factor=0.999489314782919;method=adjusted_close_divided_by_raw_close_applied_to_all_ohlc
GEV,2026-06-11,887.616493389158,920.049934230635,884.283174524281,906.326904296875,4261200,GEV,,provider_adjustment_factor=0.999489326369182;method=adjusted_close_divided_by_raw_close_applied_to_all_ohlc
GEV,2026-06-12,907.03652752996,943.198042596297,907.03652752996,940.179565429688,2787700,GEV,,provider_adjustment_factor=0.999489286534392;method=adjusted_close_divided_by_raw_close_applied_to_all_ohlc
GEV,2026-06-15,969.504631950349,986.715808608832,956.871072414699,978.570007324219,3428200,GEV,,provider_adjustment_factor=0.99948931128902;method=adjusted_close_divided_by_raw_close_applied_to_all_ohlc
GEV,2026-06-16,991.849975585938,1009.29998779297,980.72998046875,982.349975585938,2761100,GEV,,provider_adjustment_factor=1;method=adjusted_close_divided_by_raw_close_applied_to_all_ohlc;events=dividend=0.5
GEV,2026-06-17,997.400024414062,1065.38000488281,992,1048.85998535156,3996000,GEV,,provider_adjustment_factor=1;method=adjusted_close_divided_by_raw_close_applied_to_all_ohlc
GEV,2026-06-18,1091.03002929688,1117.9599609375,1087.28002929688,1109.72998046875,4344700,GEV,,provider_adjustment_factor=1;method=adjusted_close_divided_by_raw_close_applied_to_all_ohlc
GEV,2026-06-22,1130.0400390625,1142,1112.43005371094,1127.58996582031,3916300,GEV,,provider_adjustment_factor=1;method=adjusted_close_divided_by_raw_close_applied_to_all_ohlc
GEV,2026-06-23,1055.15002441406,1073,1034,1034.97998046875,3919200,GEV,,provider_adjustment_factor=1;method=adjusted_close_divided_by_raw_close_applied_to_all_ohlc
GEV,2026-06-24,1046.16003417969,1070.9990234375,1023.08001708984,1057.65002441406,2948100,GEV,,provider_adjustment_factor=1;method=adjusted_close_divided_by_raw_close_applied_to_all_ohlc
GEV,2026-06-25,1089.0400390625,1109.97998046875,1055,1085.46997070312,2750900,GEV,,provider_adjustment_factor=1;method=adjusted_close_divided_by_raw_close_applied_to_all_ohlc
GEV,2026-06-26,1049.27502441406,1084.40100097656,1042,1045.17004394531,3654200,GEV,,provider_adjustment_factor=1;method=adjusted_close_divided_by_raw_close_applied_to_all_ohlc
GEV,2026-06-29,1055.65002441406,1111.72998046875,1047,1102.51000976562,3180500,GEV,,provider_adjustment_factor=1;method=adjusted_close_divided_by_raw_close_applied_to_all_ohlc
GEV,2026-06-30,1117,1178.19995117188,1103.34997558594,1174.85998535156,3096200,GEV,,provider_adjustment_factor=1;method=adjusted_close_divided_by_raw_close_applied_to_all_ohlc
GEV,2026-07-01,1146.40002441406,1161.68994140625,1116.58996582031,1134.34997558594,2359600,GEV,,provider_adjustment_factor=1;method=adjusted_close_divided_by_raw_close_applied_to_all_ohlc
GEV,2026-07-02,1138.93505859375,1143.36999511719,1087.07995605469,1113.10998535156,2360300,GEV,,provider_adjustment_factor=1;method=adjusted_close_divided_by_raw_close_applied_to_all_ohlc
INTC,2026-05-29,123.849998474121,126.639999389648,113.540000915527,114.680000305176,191676100,INTC,,provider_adjustment_factor=1;method=adjusted_close_divided_by_raw_close_applied_to_all_ohlc
INTC,2026-06-01,109.430000305176,113.300003051758,106.330001831055,109.330001831055,134900400,INTC,,provider_adjustment_factor=1;method=adjusted_close_divided_by_raw_close_applied_to_all_ohlc
INTC,2026-06-02,107.449996948242,109,104.169998168945,107.930000305176,106336200,INTC,,provider_adjustment_factor=1;method=adjusted_close_divided_by_raw_close_applied_to_all_ohlc
INTC,2026-06-03,116.419998168945,118.290000915527,110.860000610352,112.709999084473,118928800,INTC,,provider_adjustment_factor=1;method=adjusted_close_divided_by_raw_close_applied_to_all_ohlc
INTC,2026-06-04,108.400001525879,113.139999389648,107.480003356934,111.779998779297,77325800,INTC,,provider_adjustment_factor=1;method=adjusted_close_divided_by_raw_close_applied_to_all_ohlc
INTC,2026-06-05,106.480003356934,106.480003356934,98.3300018310547,99.1699981689453,145209400,INTC,,provider_adjustment_factor=1;method=adjusted_close_divided_by_raw_close_applied_to_all_ohlc
INTC,2026-06-08,111,112.540000915527,106.660003662109,110.269996643066,136973900,INTC,,provider_adjustment_factor=1;method=adjusted_close_divided_by_raw_close_applied_to_all_ohlc
INTC,2026-06-09,112.98999786377,114,99.4599990844727,107.919998168945,149623100,INTC,,provider_adjustment_factor=1;method=adjusted_close_divided_by_raw_close_applied_to_all_ohlc
INTC,2026-06-10,106.029998779297,111.5,104.919998168945,107.040000915527,122653500,INTC,,provider_adjustment_factor=1;method=adjusted_close_divided_by_raw_close_applied_to_all_ohlc
INTC,2026-06-11,113.519996643066,119.440002441406,110.51000213623,116.959999084473,188430300,INTC,,provider_adjustment_factor=1;method=adjusted_close_divided_by_raw_close_applied_to_all_ohlc
INTC,2026-06-12,117.419998168945,127.599998474121,115.330001831055,124.569999694824,151169400,INTC,,provider_adjustment_factor=1;method=adjusted_close_divided_by_raw_close_applied_to_all_ohlc
INTC,2026-06-15,129.490005493164,132.610000610352,126.660003662109,127.860000610352,134507500,INTC,,provider_adjustment_factor=1;method=adjusted_close_divided_by_raw_close_applied_to_all_ohlc
INTC,2026-06-16,125.110000610352,128.699996948242,116,117.050003051758,132962600,INTC,,provider_adjustment_factor=1;method=adjusted_close_divided_by_raw_close_applied_to_all_ohlc
INTC,2026-06-17,121.849998474121,125.199996948242,118.059997558594,121.099998474121,115324900,INTC,,provider_adjustment_factor=1;method=adjusted_close_divided_by_raw_close_applied_to_all_ohlc
INTC,2026-06-18,131.809997558594,135.479995727539,127.900001525879,133.990005493164,233906600,INTC,,provider_adjustment_factor=1;method=adjusted_close_divided_by_raw_close_applied_to_all_ohlc
INTC,2026-06-22,139.119995117188,141.449996948242,136.210006713867,140.940002441406,127190600,INTC,,provider_adjustment_factor=1;method=adjusted_close_divided_by_raw_close_applied_to_all_ohlc
INTC,2026-06-23,129.729995727539,137.979995727539,128.300003051758,132.279998779297,132976700,INTC,,provider_adjustment_factor=1;method=adjusted_close_divided_by_raw_close_applied_to_all_ohlc
INTC,2026-06-24,133.050003051758,136.080001831055,127.949996948242,131.649993896484,104591700,INTC,,provider_adjustment_factor=1;method=adjusted_close_divided_by_raw_close_applied_to_all_ohlc
INTC,2026-06-25,139.729995727539,140.720001220703,125.410003662109,132.869995117188,122588800,INTC,,provider_adjustment_factor=1;method=adjusted_close_divided_by_raw_close_applied_to_all_ohlc
INTC,2026-06-26,128.710006713867,131.229995727539,125.5,128.320007324219,99475400,INTC,,provider_adjustment_factor=1;method=adjusted_close_divided_by_raw_close_applied_to_all_ohlc
INTC,2026-06-29,127,132.050003051758,118.5,131.720001220703,106805300,INTC,,provider_adjustment_factor=1;method=adjusted_close_divided_by_raw_close_applied_to_all_ohlc
INTC,2026-06-30,131.990005493164,142.350006103516,131.520004272461,139.630004882812,116996700,INTC,,provider_adjustment_factor=1;method=adjusted_close_divided_by_raw_close_applied_to_all_ohlc
INTC,2026-07-01,135,135.740005493164,126.680000305176,127.019996643066,113107200,INTC,,provider_adjustment_factor=1;method=adjusted_close_divided_by_raw_close_applied_to_all_ohlc
INTC,2026-07-02,128.919998168945,130.740005493164,117.629997253418,120.349998474121,124577600,INTC,,provider_adjustment_factor=1;method=adjusted_close_divided_by_raw_close_applied_to_all_ohlc
MU,2026-05-29,957,981,940.510009765625,971,60498600,MU,,provider_adjustment_factor=1;method=adjusted_close_divided_by_raw_close_applied_to_all_ohlc
MU,2026-06-01,1009.71997070312,1046.96997070312,1009.5,1035.5,46552100,MU,,provider_adjustment_factor=1;method=adjusted_close_divided_by_raw_close_applied_to_all_ohlc
MU,2026-06-02,1050,1076.56005859375,1017.20001220703,1064.09997558594,47555400,MU,,provider_adjustment_factor=1;method=adjusted_close_divided_by_raw_close_applied_to_all_ohlc
MU,2026-06-03,1079.01000976562,1089.2900390625,1038.5,1079.56994628906,40324200,MU,,provider_adjustment_factor=1;method=adjusted_close_divided_by_raw_close_applied_to_all_ohlc
MU,2026-06-04,1007.09997558594,1036.36999511719,971.679992675781,996,54917200,MU,,provider_adjustment_factor=1;method=adjusted_close_divided_by_raw_close_applied_to_all_ohlc
MU,2026-06-05,944.400024414062,961.890014648438,864.010009765625,864.010009765625,77250500,MU,,provider_adjustment_factor=1;method=adjusted_close_divided_by_raw_close_applied_to_all_ohlc
MU,2026-06-08,938.27001953125,962.950012207031,916.5,949.280029296875,54097800,MU,,provider_adjustment_factor=1;method=adjusted_close_divided_by_raw_close_applied_to_all_ohlc
MU,2026-06-09,988.179992675781,989.150024414062,854.349975585938,935.890014648438,73448600,MU,,provider_adjustment_factor=1;method=adjusted_close_divided_by_raw_close_applied_to_all_ohlc
MU,2026-06-10,905.130004882812,957.47998046875,883.25,891.880004882812,55712600,MU,,provider_adjustment_factor=1;method=adjusted_close_divided_by_raw_close_applied_to_all_ohlc
MU,2026-06-11,904.369995117188,996.77001953125,895.5,995.869995117188,59418900,MU,,provider_adjustment_factor=1;method=adjusted_close_divided_by_raw_close_applied_to_all_ohlc
MU,2026-06-12,971.809997558594,1012.61999511719,960.190002441406,981.609985351562,40785200,MU,,provider_adjustment_factor=1;method=adjusted_close_divided_by_raw_close_applied_to_all_ohlc
MU,2026-06-15,1055.89001464844,1097.46997070312,1051.5,1087.98999023438,44994600,MU,,provider_adjustment_factor=1;method=adjusted_close_divided_by_raw_close_applied_to_all_ohlc
MU,2026-06-16,1099.69995117188,1110.40002441406,1020,1020.76000976562,45499800,MU,,provider_adjustment_factor=1;method=adjusted_close_divided_by_raw_close_applied_to_all_ohlc
MU,2026-06-17,1061.30004882812,1093.67004394531,1014.14001464844,1043.18994140625,46149200,MU,,provider_adjustment_factor=1;method=adjusted_close_divided_by_raw_close_applied_to_all_ohlc
MU,2026-06-18,1108.06994628906,1149.43005371094,1092.7900390625,1133.98999023438,64642500,MU,,provider_adjustment_factor=1;method=adjusted_close_divided_by_raw_close_applied_to_all_ohlc
MU,2026-06-22,1196.21997070312,1213.56005859375,1168.56994628906,1211.38000488281,53140800,MU,,provider_adjustment_factor=1;method=adjusted_close_divided_by_raw_close_applied_to_all_ohlc
MU,2026-06-23,1080,1125,1038.5,1051.77001953125,60243300,MU,,provider_adjustment_factor=1;method=adjusted_close_divided_by_raw_close_applied_to_all_ohlc
MU,2026-06-24,1082.21997070312,1083.31994628906,991.099975585938,1048.51000976562,68935700,MU,,provider_adjustment_factor=1;method=adjusted_close_divided_by_raw_close_applied_to_all_ohlc
MU,2026-06-25,1233,1255,1136.31005859375,1213.56005859375,82143900,MU,,provider_adjustment_factor=1;method=adjusted_close_divided_by_raw_close_applied_to_all_ohlc
MU,2026-06-26,1139.07995605469,1198.7099609375,1121.35998535156,1132.32995605469,86405300,MU,,provider_adjustment_factor=1;method=adjusted_close_divided_by_raw_close_applied_to_all_ohlc
MU,2026-06-29,1128.69995117188,1148.7900390625,1023.65002441406,1145.28002929688,60694100,MU,,provider_adjustment_factor=1;method=adjusted_close_divided_by_raw_close_applied_to_all_ohlc
MU,2026-06-30,1144.72998046875,1168.68005371094,1124.66003417969,1154.2900390625,42152600,MU,,provider_adjustment_factor=1;method=adjusted_close_divided_by_raw_close_applied_to_all_ohlc
MU,2026-07-01,1082.01000976562,1097,1032.19995117188,1032.28002929688,51328100,MU,,provider_adjustment_factor=1;method=adjusted_close_divided_by_raw_close_applied_to_all_ohlc
MU,2026-07-02,1041.5,1064.64001464844,950.280029296875,975.559997558594,61316900,MU,,provider_adjustment_factor=1;method=adjusted_close_divided_by_raw_close_applied_to_all_ohlc
NVDA,2026-05-29,214.330208741832,217.606389266769,210.884227943223,210.89421081543,289410600,NVDA,,provider_adjustment_factor=0.998835897627502;method=adjusted_close_divided_by_raw_close_applied_to_all_ohlc
NVDA,2026-06-01,215.478857501391,224.608216723797,215.448893644638,224.098815917969,212850700,NVDA,,provider_adjustment_factor=0.998835867838865;method=adjusted_close_divided_by_raw_close_applied_to_all_ohlc
NVDA,2026-06-02,226.915517516237,232.009586367479,221.092318014481,222.560607910156,193362900,NVDA,,provider_adjustment_factor=0.998835834280873;method=adjusted_close_divided_by_raw_close_applied_to_all_ohlc
NVDA,2026-06-03,221.461887133135,222.560612670756,214.260273907876,214.5,160907000,NVDA,,provider_adjustment_factor=0.9988358556461;method=adjusted_close_divided_by_raw_close_applied_to_all_ohlc
NVDA,2026-06-04,213.910003662109,221.600006103516,210.970001220703,218.660003662109,169022200,NVDA,,provider_adjustment_factor=1;method=adjusted_close_divided_by_raw_close_applied_to_all_ohlc;events=dividend=0.25
NVDA,2026-06-05,214.529998779297,214.869995117188,204.330001831055,205.100006103516,219655500,NVDA,,provider_adjustment_factor=1;method=adjusted_close_divided_by_raw_close_applied_to_all_ohlc
NVDA,2026-06-08,210.179992675781,210.470001220703,206,208.639999389648,138372800,NVDA,,provider_adjustment_factor=1;method=adjusted_close_divided_by_raw_close_applied_to_all_ohlc
NVDA,2026-06-09,210.619995117188,211.399993896484,199.339996337891,208.190002441406,180962500,NVDA,,provider_adjustment_factor=1;method=adjusted_close_divided_by_raw_close_applied_to_all_ohlc
NVDA,2026-06-10,204.429992675781,207.220001220703,199.919998168945,200.419998168945,161746600,NVDA,,provider_adjustment_factor=1;method=adjusted_close_divided_by_raw_close_applied_to_all_ohlc
NVDA,2026-06-11,201.490005493164,205.660003662109,199.539993286133,204.869995117188,158643200,NVDA,,provider_adjustment_factor=1;method=adjusted_close_divided_by_raw_close_applied_to_all_ohlc
NVDA,2026-06-12,204.860000610352,207.070007324219,203.440002441406,205.190002441406,112001800,NVDA,,provider_adjustment_factor=1;method=adjusted_close_divided_by_raw_close_applied_to_all_ohlc
NVDA,2026-06-15,208.919998168945,212.710006713867,208.339996337891,212.449996948242,149936700,NVDA,,provider_adjustment_factor=1;method=adjusted_close_divided_by_raw_close_applied_to_all_ohlc
NVDA,2026-06-16,211.179992675781,211.490005493164,207.289993286133,207.410003662109,125694100,NVDA,,provider_adjustment_factor=1;method=adjusted_close_divided_by_raw_close_applied_to_all_ohlc
NVDA,2026-06-17,208.529998779297,209.210006713867,203.080001831055,204.649993896484,128363500,NVDA,,provider_adjustment_factor=1;method=adjusted_close_divided_by_raw_close_applied_to_all_ohlc
NVDA,2026-06-18,207.330001831055,211.389999389648,206.5,210.690002441406,241272000,NVDA,,provider_adjustment_factor=1;method=adjusted_close_divided_by_raw_close_applied_to_all_ohlc
NVDA,2026-06-22,211.440002441406,213.990005493164,207.720001220703,208.649993896484,122041400,NVDA,,provider_adjustment_factor=1;method=adjusted_close_divided_by_raw_close_applied_to_all_ohlc
NVDA,2026-06-23,202.169998168945,203.770004272461,200,200.039993286133,153496200,NVDA,,provider_adjustment_factor=1;method=adjusted_close_divided_by_raw_close_applied_to_all_ohlc
NVDA,2026-06-24,200.119995117188,201.669998168945,196.580001831055,199,151810700,NVDA,,provider_adjustment_factor=1;method=adjusted_close_divided_by_raw_close_applied_to_all_ohlc
NVDA,2026-06-25,200.080001831055,200.800003051758,192.130004882812,195.740005493164,149550000,NVDA,,provider_adjustment_factor=1;method=adjusted_close_divided_by_raw_close_applied_to_all_ohlc
NVDA,2026-06-26,193.119995117188,195.550003051758,191.220001220703,192.529998779297,179304100,NVDA,,provider_adjustment_factor=1;method=adjusted_close_divided_by_raw_close_applied_to_all_ohlc
NVDA,2026-06-29,193.850006103516,196.179992675781,189.800003051758,194.970001220703,148835700,NVDA,,provider_adjustment_factor=1;method=adjusted_close_divided_by_raw_close_applied_to_all_ohlc
NVDA,2026-06-30,197.240005493164,200.630004882812,195.110000610352,200.089996337891,166476700,NVDA,,provider_adjustment_factor=1;method=adjusted_close_divided_by_raw_close_applied_to_all_ohlc
NVDA,2026-07-01,196.199996948242,199.850006103516,193.449996948242,197.580001831055,146147600,NVDA,,provider_adjustment_factor=1;method=adjusted_close_divided_by_raw_close_applied_to_all_ohlc
NVDA,2026-07-02,197.139999389648,200.059997558594,192.350006103516,194.830001831055,142068700,NVDA,,provider_adjustment_factor=1;method=adjusted_close_divided_by_raw_close_applied_to_all_ohlc
PLTR,2026-05-29,147.824996948242,157.779006958008,145.789993286133,156.539993286133,92196600,PLTR,,provider_adjustment_factor=1;method=adjusted_close_divided_by_raw_close_applied_to_all_ohlc
PLTR,2026-06-01,159.979995727539,163.699996948242,155.880004882812,160.649993896484,57654000,PLTR,,provider_adjustment_factor=1;method=adjusted_close_divided_by_raw_close_applied_to_all_ohlc
PLTR,2026-06-02,156.690002441406,159.550003051758,149.800003051758,152.169998168945,43163100,PLTR,,provider_adjustment_factor=1;method=adjusted_close_divided_by_raw_close_applied_to_all_ohlc
PLTR,2026-06-03,149.699996948242,151.679992675781,141.25,142.199996948242,41072500,PLTR,,provider_adjustment_factor=1;method=adjusted_close_divided_by_raw_close_applied_to_all_ohlc
PLTR,2026-06-04,145.460006713867,146.369995117188,140.272003173828,141.699996948242,40834000,PLTR,,provider_adjustment_factor=1;method=adjusted_close_divided_by_raw_close_applied_to_all_ohlc
PLTR,2026-06-05,140.324996948242,141.970001220703,134.024993896484,135.529998779297,38283500,PLTR,,provider_adjustment_factor=1;method=adjusted_close_divided_by_raw_close_applied_to_all_ohlc
PLTR,2026-06-08,135.679992675781,137.759994506836,135.279998779297,136.470001220703,26978900,PLTR,,provider_adjustment_factor=1;method=adjusted_close_divided_by_raw_close_applied_to_all_ohlc
PLTR,2026-06-09,134.869995117188,136.990005493164,127.349998474121,132.070007324219,38680000,PLTR,,provider_adjustment_factor=1;method=adjusted_close_divided_by_raw_close_applied_to_all_ohlc
PLTR,2026-06-10,129.324996948242,133.184997558594,128.800003051758,130.210006713867,30612600,PLTR,,provider_adjustment_factor=1;method=adjusted_close_divided_by_raw_close_applied_to_all_ohlc
PLTR,2026-06-11,128.779998779297,131.520004272461,127.169998168945,131.080001831055,27554500,PLTR,,provider_adjustment_factor=1;method=adjusted_close_divided_by_raw_close_applied_to_all_ohlc
PLTR,2026-06-12,130.914993286133,131.089996337891,126.650001525879,127.98999786377,35378000,PLTR,,provider_adjustment_factor=1;method=adjusted_close_divided_by_raw_close_applied_to_all_ohlc
PLTR,2026-06-15,130.020004272461,134.979995727539,129.699996948242,134.710006713867,41748200,PLTR,,provider_adjustment_factor=1;method=adjusted_close_divided_by_raw_close_applied_to_all_ohlc
PLTR,2026-06-16,134.589996337891,134.589996337891,129.619995117188,133.25,30409900,PLTR,,provider_adjustment_factor=1;method=adjusted_close_divided_by_raw_close_applied_to_all_ohlc
PLTR,2026-06-17,131.759994506836,136.100006103516,129.919998168945,130.630004882812,32290800,PLTR,,provider_adjustment_factor=1;method=adjusted_close_divided_by_raw_close_applied_to_all_ohlc
PLTR,2026-06-18,130.839996337891,131.429992675781,125.01000213623,128.470001220703,55338000,PLTR,,provider_adjustment_factor=1;method=adjusted_close_divided_by_raw_close_applied_to_all_ohlc
PLTR,2026-06-22,125.73999786377,128.869995117188,119.199996948242,119.5,56924500,PLTR,,provider_adjustment_factor=1;method=adjusted_close_divided_by_raw_close_applied_to_all_ohlc
PLTR,2026-06-23,120.150001525879,120.940002441406,116.180000305176,116.699996948242,44661900,PLTR,,provider_adjustment_factor=1;method=adjusted_close_divided_by_raw_close_applied_to_all_ohlc
PLTR,2026-06-24,114.120002746582,118,112.25,113.5,46520700,PLTR,,provider_adjustment_factor=1;method=adjusted_close_divided_by_raw_close_applied_to_all_ohlc
PLTR,2026-06-25,111.379997253418,112.150001525879,106.370002746582,107.269996643066,61840100,PLTR,,provider_adjustment_factor=1;method=adjusted_close_divided_by_raw_close_applied_to_all_ohlc
PLTR,2026-06-26,109.040000915527,114.080001831055,108.470001220703,112.930000305176,61360500,PLTR,,provider_adjustment_factor=1;method=adjusted_close_divided_by_raw_close_applied_to_all_ohlc
PLTR,2026-06-29,116.230003356934,119.080001831055,114.699996948242,115.699996948242,45017400,PLTR,,provider_adjustment_factor=1;method=adjusted_close_divided_by_raw_close_applied_to_all_ohlc
PLTR,2026-06-30,114.949996948242,118.699996948242,114.569999694824,116.669998168945,38069700,PLTR,,provider_adjustment_factor=1;method=adjusted_close_divided_by_raw_close_applied_to_all_ohlc
PLTR,2026-07-01,120.050003051758,128.25,119.349998474121,125.730003356934,58561300,PLTR,,provider_adjustment_factor=1;method=adjusted_close_divided_by_raw_close_applied_to_all_ohlc
PLTR,2026-07-02,128.990005493164,132.880004882812,127.949996948242,129.300003051758,60641000,PLTR,,provider_adjustment_factor=1;method=adjusted_close_divided_by_raw_close_applied_to_all_ohlc
POWL,2026-05-29,287.230010986328,293,273.679992675781,284.420013427734,720500,POWL,,provider_adjustment_factor=1;method=adjusted_close_divided_by_raw_close_applied_to_all_ohlc
POWL,2026-06-01,280.640014648438,291,271,288.119995117188,513200,POWL,,provider_adjustment_factor=1;method=adjusted_close_divided_by_raw_close_applied_to_all_ohlc
POWL,2026-06-02,292.440002441406,300,279,299.070007324219,496100,POWL,,provider_adjustment_factor=1;method=adjusted_close_divided_by_raw_close_applied_to_all_ohlc
POWL,2026-06-03,299.5,306.880004882812,283.190002441406,299.730010986328,810300,POWL,,provider_adjustment_factor=1;method=adjusted_close_divided_by_raw_close_applied_to_all_ohlc
POWL,2026-06-04,290.010009765625,306.859985351562,287.070007324219,300.059997558594,417600,POWL,,provider_adjustment_factor=1;method=adjusted_close_divided_by_raw_close_applied_to_all_ohlc
POWL,2026-06-05,291.25,298.200012207031,281.880004882812,284.869995117188,473000,POWL,,provider_adjustment_factor=1;method=adjusted_close_divided_by_raw_close_applied_to_all_ohlc
POWL,2026-06-08,297.220001220703,297.989990234375,286,293.600006103516,421600,POWL,,provider_adjustment_factor=1;method=adjusted_close_divided_by_raw_close_applied_to_all_ohlc
POWL,2026-06-09,298.980010986328,309.75,266.040008544922,283.510009765625,830900,POWL,,provider_adjustment_factor=1;method=adjusted_close_divided_by_raw_close_applied_to_all_ohlc
POWL,2026-06-10,280.989990234375,293.019989013672,259.570007324219,262.339996337891,726900,POWL,,provider_adjustment_factor=1;method=adjusted_close_divided_by_raw_close_applied_to_all_ohlc
POWL,2026-06-11,272.640014648438,293.269989013672,268.119995117188,290.5,679100,POWL,,provider_adjustment_factor=1;method=adjusted_close_divided_by_raw_close_applied_to_all_ohlc
POWL,2026-06-12,295,304.160003662109,291.010009765625,294.75,500900,POWL,,provider_adjustment_factor=1;method=adjusted_close_divided_by_raw_close_applied_to_all_ohlc
POWL,2026-06-15,308.290008544922,311.799987792969,294.540008544922,303.529998779297,472100,POWL,,provider_adjustment_factor=1;method=adjusted_close_divided_by_raw_close_applied_to_all_ohlc
POWL,2026-06-16,304,310.769989013672,291.420013427734,292.700012207031,507400,POWL,,provider_adjustment_factor=1;method=adjusted_close_divided_by_raw_close_applied_to_all_ohlc
POWL,2026-06-17,297.540008544922,306,290.720001220703,294.029998779297,541100,POWL,,provider_adjustment_factor=1;method=adjusted_close_divided_by_raw_close_applied_to_all_ohlc
POWL,2026-06-18,299.660003662109,303.380004882812,283.880004882812,297.200012207031,1166500,POWL,,provider_adjustment_factor=1;method=adjusted_close_divided_by_raw_close_applied_to_all_ohlc
POWL,2026-06-22,303.429992675781,313.329986572266,297.820007324219,307.799987792969,856300,POWL,,provider_adjustment_factor=1;method=adjusted_close_divided_by_raw_close_applied_to_all_ohlc
POWL,2026-06-23,287.549987792969,302.429992675781,280,291.5,1081900,POWL,,provider_adjustment_factor=1;method=adjusted_close_divided_by_raw_close_applied_to_all_ohlc
POWL,2026-06-24,291.130004882812,302.149993896484,287.959991455078,294.489990234375,368700,POWL,,provider_adjustment_factor=1;method=adjusted_close_divided_by_raw_close_applied_to_all_ohlc
POWL,2026-06-25,302.679992675781,316.989990234375,300.380004882812,309.200012207031,774000,POWL,,provider_adjustment_factor=1;method=adjusted_close_divided_by_raw_close_applied_to_all_ohlc
POWL,2026-06-26,296.119995117188,299.510009765625,275.869995117188,279.769989013672,3521800,POWL,,provider_adjustment_factor=1;method=adjusted_close_divided_by_raw_close_applied_to_all_ohlc
POWL,2026-06-29,280.010009765625,290.880004882812,273.839996337891,281.089996337891,734400,POWL,,provider_adjustment_factor=1;method=adjusted_close_divided_by_raw_close_applied_to_all_ohlc
POWL,2026-06-30,284.75,288.570007324219,279,286.359985351562,598900,POWL,,provider_adjustment_factor=1;method=adjusted_close_divided_by_raw_close_applied_to_all_ohlc
POWL,2026-07-01,275.890014648438,276.440002441406,262,264.859985351562,817500,POWL,,provider_adjustment_factor=1;method=adjusted_close_divided_by_raw_close_applied_to_all_ohlc
POWL,2026-07-02,264.859985351562,269.420013427734,243.350006103516,246.330001831055,936600,POWL,,provider_adjustment_factor=1;method=adjusted_close_divided_by_raw_close_applied_to_all_ohlc
SNDK,2026-05-29,1682,1708.82495117188,1641.07995605469,1694.97998046875,8751100,SNDK,,provider_adjustment_factor=1;method=adjusted_close_divided_by_raw_close_applied_to_all_ohlc
SNDK,2026-06-01,1731.15002441406,1804,1686.16003417969,1761.43005371094,9681700,SNDK,,provider_adjustment_factor=1;method=adjusted_close_divided_by_raw_close_applied_to_all_ohlc
SNDK,2026-06-02,1750.06005859375,1772.40002441406,1708.80004882812,1716.35998535156,7093300,SNDK,,provider_adjustment_factor=1;method=adjusted_close_divided_by_raw_close_applied_to_all_ohlc
SNDK,2026-06-03,1736,1861,1708.88000488281,1831.5,11884700,SNDK,,provider_adjustment_factor=1;method=adjusted_close_divided_by_raw_close_applied_to_all_ohlc
SNDK,2026-06-04,1741.31005859375,1825.90002441406,1725.07995605469,1759.68005371094,10518500,SNDK,,provider_adjustment_factor=1;method=adjusted_close_divided_by_raw_close_applied_to_all_ohlc
SNDK,2026-06-05,1678.88000488281,1682,1514.35998535156,1559.31994628906,13289000,SNDK,,provider_adjustment_factor=1;method=adjusted_close_divided_by_raw_close_applied_to_all_ohlc
SNDK,2026-06-08,1634,1694.98803710938,1602,1642,8189300,SNDK,,provider_adjustment_factor=1;method=adjusted_close_divided_by_raw_close_applied_to_all_ohlc
SNDK,2026-06-09,1700.5,1803,1536,1646.5400390625,16221600,SNDK,,provider_adjustment_factor=1;method=adjusted_close_divided_by_raw_close_applied_to_all_ohlc
SNDK,2026-06-10,1624.38000488281,1764.65002441406,1590,1643.22998046875,10362000,SNDK,,provider_adjustment_factor=1;method=adjusted_close_divided_by_raw_close_applied_to_all_ohlc
SNDK,2026-06-11,1672.26000976562,1895,1665,1881.51000976562,13759400,SNDK,,provider_adjustment_factor=1;method=adjusted_close_divided_by_raw_close_applied_to_all_ohlc
SNDK,2026-06-12,1890.97998046875,2021.65002441406,1865.10998535156,1980.09997558594,11926100,SNDK,,provider_adjustment_factor=1;method=adjusted_close_divided_by_raw_close_applied_to_all_ohlc
SNDK,2026-06-15,2101.1201171875,2119.89990234375,2021.10998535156,2107.86010742188,9156400,SNDK,,provider_adjustment_factor=1;method=adjusted_close_divided_by_raw_close_applied_to_all_ohlc
SNDK,2026-06-16,2134.19995117188,2167.330078125,1980.18005371094,1991.55004882812,9588500,SNDK,,provider_adjustment_factor=1;method=adjusted_close_divided_by_raw_close_applied_to_all_ohlc
SNDK,2026-06-17,2074.59008789062,2074.59008789062,1938,1958.80004882812,9182500,SNDK,,provider_adjustment_factor=1;method=adjusted_close_divided_by_raw_close_applied_to_all_ohlc
SNDK,2026-06-18,2044.74499511719,2191.68994140625,2029,2184.75,12178300,SNDK,,provider_adjustment_factor=1;method=adjusted_close_divided_by_raw_close_applied_to_all_ohlc
SNDK,2026-06-22,2293.31494140625,2354.38989257812,2251.28491210938,2273.72998046875,9977600,SNDK,,provider_adjustment_factor=1;method=adjusted_close_divided_by_raw_close_applied_to_all_ohlc
SNDK,2026-06-23,2007.69995117188,2060,1949.9599609375,1963.59997558594,12868300,SNDK,,provider_adjustment_factor=1;method=adjusted_close_divided_by_raw_close_applied_to_all_ohlc
SNDK,2026-06-24,1987.53002929688,2021.5,1861.01000976562,1914.4599609375,10421300,SNDK,,provider_adjustment_factor=1;method=adjusted_close_divided_by_raw_close_applied_to_all_ohlc
SNDK,2026-06-25,2238.30493164062,2347.9990234375,2092.080078125,2335,15030200,SNDK,,provider_adjustment_factor=1;method=adjusted_close_divided_by_raw_close_applied_to_all_ohlc
SNDK,2026-06-26,2169.9951171875,2256.11010742188,2063.0390625,2090.7099609375,16867100,SNDK,,provider_adjustment_factor=1;method=adjusted_close_divided_by_raw_close_applied_to_all_ohlc
SNDK,2026-06-29,2090.7099609375,2090.7099609375,1895,2050.38989257812,11251000,SNDK,,provider_adjustment_factor=1;method=adjusted_close_divided_by_raw_close_applied_to_all_ohlc
SNDK,2026-06-30,2109.72998046875,2280.80004882812,2070,2273.72998046875,11454300,SNDK,,provider_adjustment_factor=1;method=adjusted_close_divided_by_raw_close_applied_to_all_ohlc
SNDK,2026-07-01,2085.169921875,2129.97998046875,2002.05004882812,2032.21997070312,11056500,SNDK,,provider_adjustment_factor=1;method=adjusted_close_divided_by_raw_close_applied_to_all_ohlc
SNDK,2026-07-02,2043.80004882812,2052.5400390625,1693,1745,17259300,SNDK,,provider_adjustment_factor=1;method=adjusted_close_divided_by_raw_close_applied_to_all_ohlc
SPY,2026-05-29,753.95766701036,756.132057986475,752.750754304883,754.5361328125,55075700,SPY,,provider_adjustment_factor=0.997430404364375;method=adjusted_close_divided_by_raw_close_applied_to_all_ohlc
SPY,2026-06-01,753.418999002021,758.326400315579,752.750737691775,756.5908203125,43634900,SPY,,provider_adjustment_factor=0.997430382351221;method=adjusted_close_divided_by_raw_close_applied_to_all_ohlc
SPY,2026-06-02,755.08477376821,758.446109385272,754.805464031348,757.618225097656,31581900,SPY,,provider_adjustment_factor=0.9974304116701;method=adjusted_close_divided_by_raw_close_applied_to_all_ohlc
SPY,2026-06-03,756.201866759497,756.850159979344,751.633618574309,752.301879882812,51402500,SPY,,provider_adjustment_factor=0.997430379750933;method=adjusted_close_divided_by_raw_close_applied_to_all_ohlc
SPY,2026-06-04,750.167363557071,756.36142812572,749.53897754815,755.144592285156,49923000,SPY,,provider_adjustment_factor=0.997430378817176;method=adjusted_close_divided_by_raw_close_applied_to_all_ohlc
SPY,2026-06-05,750.376867717091,750.885566965641,733.640017129591,735.65478515625,93989400,SPY,,provider_adjustment_factor=0.997430407880027;method=adjusted_close_divided_by_raw_close_applied_to_all_ohlc
SPY,2026-06-08,741.449810832712,743.424764324213,736.29311296589,737.320434570312,49319100,SPY,,provider_adjustment_factor=0.997430350628913;method=adjusted_close_divided_by_raw_close_applied_to_all_ohlc
SPY,2026-06-09,741.719175997013,744.980792898277,720.733262218701,735.156066894531,87683500,SPY,,provider_adjustment_factor=0.997430403731355;method=adjusted_close_divided_by_raw_close_applied_to_all_ohlc
SPY,2026-06-10,731.505485761435,736.482653649508,723.466199281428,723.56591796875,60341300,SPY,,provider_adjustment_factor=0.997430386493733;method=adjusted_close_divided_by_raw_close_applied_to_all_ohlc
SPY,2026-06-11,726.887384259247,738.098492156334,722.54852551485,735.8642578125,86330500,SPY,,provider_adjustment_factor=0.997430394805857;method=adjusted_close_divided_by_raw_close_applied_to_all_ohlc
SPY,2026-06-12,738.806688447914,742.52708433341,733.141291120055,739.843994140625,57079500,SPY,,provider_adjustment_factor=0.997430393179137;method=adjusted_close_divided_by_raw_close_applied_to_all_ohlc
SPY,2026-06-15,749.91799696889,754.73560268673,749.828262327731,752.890380859375,60176400,SPY,,provider_adjustment_factor=0.997430366855379;method=adjusted_close_divided_by_raw_close_applied_to_all_ohlc
SPY,2026-06-16,752.611104653055,753.498832329889,747.953121678324,748.401977539062,67093100,SPY,,provider_adjustment_factor=0.997430411276549;method=adjusted_close_divided_by_raw_close_applied_to_all_ohlc
SPY,2026-06-17,749.359442182695,750.217278570044,737.320450288557,739.056030273438,85945200,SPY,,provider_adjustment_factor=0.997430371892198;method=adjusted_close_divided_by_raw_close_applied_to_all_ohlc
SPY,2026-06-18,747.760009765625,748.22998046875,743.859985351562,746.739990234375,80875700,SPY,,provider_adjustment_factor=1;method=adjusted_close_divided_by_raw_close_applied_to_all_ohlc;events=dividend=1.904
SPY,2026-06-22,747.700012207031,750.179992675781,743.130004882812,744.390014648438,46628100,SPY,,provider_adjustment_factor=1;method=adjusted_close_divided_by_raw_close_applied_to_all_ohlc
SPY,2026-06-23,733.809997558594,739.630004882812,732.299987792969,733.580017089844,66846800,SPY,,provider_adjustment_factor=1;method=adjusted_close_divided_by_raw_close_applied_to_all_ohlc
SPY,2026-06-24,735.169982910156,739.950012207031,730.840026855469,733.239990234375,57439500,SPY,,provider_adjustment_factor=1;method=adjusted_close_divided_by_raw_close_applied_to_all_ohlc
SPY,2026-06-25,738.909973144531,739.369995117188,729.599975585938,734.299987792969,53934400,SPY,,provider_adjustment_factor=1;method=adjusted_close_divided_by_raw_close_applied_to_all_ohlc
SPY,2026-06-26,728.950012207031,736.530029296875,716.580017089844,728.989990234375,71034000,SPY,,provider_adjustment_factor=1;method=adjusted_close_divided_by_raw_close_applied_to_all_ohlc
SPY,2026-06-29,736.530029296875,741.559997558594,732.090026855469,741,58035200,SPY,,provider_adjustment_factor=1;method=adjusted_close_divided_by_raw_close_applied_to_all_ohlc
SPY,2026-06-30,741.289978027344,748.02001953125,740.890014648438,746.77001953125,55626000,SPY,,provider_adjustment_factor=1;method=adjusted_close_divided_by_raw_close_applied_to_all_ohlc
SPY,2026-07-01,745,749.440002441406,742.380004882812,745.760009765625,47100900,SPY,,provider_adjustment_factor=1;method=adjusted_close_divided_by_raw_close_applied_to_all_ohlc
SPY,2026-07-02,747.400024414062,751.309997558594,740.030029296875,744.780029296875,57447800,SPY,,provider_adjustment_factor=1;method=adjusted_close_divided_by_raw_close_applied_to_all_ohlc
VRT,2026-05-29,315.134444464524,319.51350770977,307.935930000285,315.644317626953,7218800,VRT,,provider_adjustment_factor=0.999791980520406;method=adjusted_close_divided_by_raw_close_applied_to_all_ohlc
VRT,2026-06-01,317.923852624113,328.511646386225,313.064878083667,323.32275390625,6162100,VRT,,provider_adjustment_factor=0.999792013546675;method=adjusted_close_divided_by_raw_close_applied_to_all_ohlc
VRT,2026-06-02,335.080276525443,345.108188880275,331.161109043924,334.42041015625,5077300,VRT,,provider_adjustment_factor=0.999791981583436;method=adjusted_close_divided_by_raw_close_applied_to_all_ohlc
VRT,2026-06-03,340.794090636788,343.558530164778,326.722036530297,331.371063232422,3927700,VRT,,provider_adjustment_factor=0.999792000939909;method=adjusted_close_divided_by_raw_close_applied_to_all_ohlc
VRT,2026-06-04,321.028206075714,326.791990957287,305.936344962428,323.852630615234,6075900,VRT,,provider_adjustment_factor=0.999791977001399;method=adjusted_close_divided_by_raw_close_applied_to_all_ohlc
VRT,2026-06-05,313.689750191894,314.934486375295,294.333760814226,300.447509765625,7330000,VRT,,provider_adjustment_factor=0.99979202023903;method=adjusted_close_divided_by_raw_close_applied_to_all_ohlc
VRT,2026-06-08,309.185663698673,310.542376018718,300.157543518317,300.507476806641,4790000,VRT,,provider_adjustment_factor=0.999791960222063;method=adjusted_close_divided_by_raw_close_applied_to_all_ohlc
VRT,2026-06-09,300.367512551625,307.06613136384,276.442496572412,289.459777832031,11117700,VRT,,provider_adjustment_factor=0.999792031003297;method=adjusted_close_divided_by_raw_close_applied_to_all_ohlc
VRT,2026-06-10,284.460811569899,294.288784109954,275.122757862156,280.921569824219,6904200,VRT,,provider_adjustment_factor=0.999792009538671;method=adjusted_close_divided_by_raw_close_applied_to_all_ohlc
VRT,2026-06-11,284.190883975014,298.597890760653,283.34105464892,297.818054199219,5408800,VRT,,provider_adjustment_factor=0.999792028056337;method=adjusted_close_divided_by_raw_close_applied_to_all_ohlc
VRT,2026-06-12,303.416895839255,305.126531665105,295.038633757357,302.807006835938,4958100,VRT,,provider_adjustment_factor=0.999792028651681;method=adjusted_close_divided_by_raw_close_applied_to_all_ohlc
VRT,2026-06-15,316,319.838989257812,310.371002197266,311.929992675781,5346400,VRT,,provider_adjustment_factor=1;method=adjusted_close_divided_by_raw_close_applied_to_all_ohlc;events=dividend=0.063
VRT,2026-06-16,314.200012207031,316.371002197266,299.089996337891,299.600006103516,4581900,VRT,,provider_adjustment_factor=1;method=adjusted_close_divided_by_raw_close_applied_to_all_ohlc
VRT,2026-06-17,304.720001220703,329.700012207031,303.200012207031,317.579986572266,6181400,VRT,,provider_adjustment_factor=1;method=adjusted_close_divided_by_raw_close_applied_to_all_ohlc
VRT,2026-06-18,331.230010986328,337.790008544922,326.5,333.049987792969,7262600,VRT,,provider_adjustment_factor=1;method=adjusted_close_divided_by_raw_close_applied_to_all_ohlc
VRT,2026-06-22,338.880004882812,358.540008544922,338,357.959991455078,7284300,VRT,,provider_adjustment_factor=1;method=adjusted_close_divided_by_raw_close_applied_to_all_ohlc
VRT,2026-06-23,337.959991455078,337.970001220703,316.510009765625,318.320007324219,10277700,VRT,,provider_adjustment_factor=1;method=adjusted_close_divided_by_raw_close_applied_to_all_ohlc
VRT,2026-06-24,323.730010986328,323.739990234375,308.279998779297,316.429992675781,6106100,VRT,,provider_adjustment_factor=1;method=adjusted_close_divided_by_raw_close_applied_to_all_ohlc
VRT,2026-06-25,338.920013427734,340,321.339996337891,325.570007324219,6305000,VRT,,provider_adjustment_factor=1;method=adjusted_close_divided_by_raw_close_applied_to_all_ohlc
VRT,2026-06-26,314,316,300.190002441406,303.950012207031,21988200,VRT,,provider_adjustment_factor=1;method=adjusted_close_divided_by_raw_close_applied_to_all_ohlc
VRT,2026-06-29,304.649993896484,309.200012207031,294.299987792969,306.970001220703,6708600,VRT,,provider_adjustment_factor=1;method=adjusted_close_divided_by_raw_close_applied_to_all_ohlc
VRT,2026-06-30,310,337.230010986328,310,334.820007324219,7742500,VRT,,provider_adjustment_factor=1;method=adjusted_close_divided_by_raw_close_applied_to_all_ohlc
VRT,2026-07-01,325.799987792969,327.214996337891,309.510009765625,311.420013427734,6259800,VRT,,provider_adjustment_factor=1;method=adjusted_close_divided_by_raw_close_applied_to_all_ohlc
VRT,2026-07-02,309.809997558594,316.989990234375,296.450012207031,300.529998779297,5898700,VRT,,provider_adjustment_factor=1;method=adjusted_close_divided_by_raw_close_applied_to_all_ohlc
